{"score_rate": 4.546779263395439, "stand_score_rate": 3.777225907362521, "softmax_score_rate": 1.5771228709074148, "rate_score_rate": 4.9888969756006825}