{"score_rate": 0.389448633213977, "stand_score_rate": 7.293787968419069, "softmax_score_rate": 3.3506622720326664, "rate_score_rate": 4.999427512768457}